"","team","teammean","member","overallscore","overallcount","sand16","water16","sprint16","hurdles16","relay17","sand17","sprint17","hurdles17","steeplechase","undrwtr17","snowrally","winBiathlon","icedash","speedskat","snowboard","sandmgl","relay","sandrally","underwater","msprint","hurdles","elimination","biathlon","rank2"
"1","BALLS OF CHAOS",14,"ANARCHY",25,7,NA,0.7999205,NA,NA,0.102040100875497,NA,NA,NA,NA,NA,NA,0.1385686764,NA,NA,0.72061968,NA,0.121924983176062,NA,NA,NA,NA,-0.31548125,-0.10061207,18
"2","BALLS OF CHAOS",14,"CLUTTER",51,6,NA,NA,1.1848994671,1.636430909,0.0656747824519873,NA,NA,NA,NA,NA,-0.262155563919869,0.1418897298,NA,NA,NA,NA,-0.0458702700206621,NA,NA,NA,NA,NA,NA,18
"3","BALLS OF CHAOS",14,"SNARL",-39,7,-0.067632437,NA,NA,NA,0.164185492676497,NA,NA,NA,NA,NA,NA,-0.0328227732,NA,-1.416657056,NA,NA,-0.0728597982387704,NA,-0.39112228,NA,-1.3097847277,NA,NA,18
"4","BALLS OF CHAOS",14,"TUMULT",23,9,NA,NA,NA,NA,0.0503315181255341,-0.129903227310952,NA,NA,NA,NA,NA,-0.1523382378,0.6748937517,NA,NA,1.0253704,0.119437792167582,1.5020084,-0.50327003,-1.450234059,NA,NA,NA,18
"5","CHOCOLATIERS",-5,"BONBON",-14,8,NA,NA,NA,NA,0.104018703682978,-0.663989321976243,NA,-1.613666908,0.53683925,NA,-1.0210271847293,NA,NA,NA,NA,NA,-0.0813056690195193,NA,NA,NA,NA,0.068985283,0.82423824,12
"6","CHOCOLATIERS",-5,"CHOC",-7,7,NA,NA,0.9620176653,-2.171433468,0.0472587685001029,NA,0.3043606054,NA,NA,NA,NA,NA,-0.2679943635,NA,NA,NA,-0.175692220954322,NA,0.23723808,NA,NA,NA,NA,12
"7","CHOCOLATIERS",-5,"COCOA",10,7,NA,-2.3164768,NA,NA,0.0667102270311604,NA,NA,NA,0.36777157,NA,NA,NA,NA,NA,NA,NA,-0.0213676050412279,-0.42058173,1.6411427,0.6677078646,NA,NA,NA,12
"8","CHOCOLATIERS",-5,"MOCHA",-7,6,-0.24125317,NA,NA,NA,0.109838582680353,NA,NA,NA,0.49394146,-1.1307052,NA,NA,NA,NA,NA,NA,-0.164211252553155,NA,NA,NA,0.2691994194,NA,NA,12
"9","JAWBREAKERS",13,"CANDY",60,5,0.3967064,NA,NA,NA,-0.155705497156215,NA,NA,NA,0.50571734,NA,NA,NA,NA,NA,NA,NA,0.481210075691471,1.5917732,NA,NA,NA,NA,NA,17
"10","JAWBREAKERS",13,"MOUTHFUL",-82,1,NA,NA,NA,-0.8186392002,NA,NA,NA,NA,NA,NA,NA,NA,NA,NA,NA,NA,NA,NA,NA,NA,NA,NA,NA,17
"11","JAWBREAKERS",13,"TIDBIT",22,1,NA,0.22458507,NA,NA,NA,NA,NA,NA,NA,NA,NA,NA,NA,NA,NA,NA,NA,NA,NA,NA,NA,NA,NA,17
"12","JAWBREAKERS",13,"TONGUE TWISTER",27,1,NA,NA,0.2691475827,NA,NA,NA,NA,NA,NA,NA,NA,NA,NA,NA,NA,NA,NA,NA,NA,NA,NA,NA,NA,17
"13","KOBALTS",-17,"AZURE",34,6,NA,0.63211286,NA,NA,-0.492006367099285,NA,NA,NA,NA,NA,NA,NA,0.989190694,NA,NA,NA,0.523354954578908,0.42627972,-0.28366137,NA,NA,NA,NA,5
"14","KOBALTS",-17,"CERULEAN",-52,3,-1.0972518,NA,NA,NA,-0.0785326272636652,NA,NA,NA,NA,NA,NA,NA,NA,NA,NA,NA,-0.434384267024488,NA,NA,NA,NA,NA,NA,5
"15","KOBALTS",-17,"DODGER",-37,2,NA,NA,0.4338835935,-1.2194691357,NA,NA,NA,NA,NA,NA,NA,NA,NA,NA,NA,NA,NA,NA,NA,NA,NA,NA,NA,5
"16","KOBALTS",-17,"ROYAL",NA,0,NA,NA,NA,NA,NA,NA,NA,NA,NA,NA,NA,NA,NA,NA,NA,NA,NA,NA,NA,NA,NA,NA,NA,5
"17","LIMERS",1,"JELLIME",NA,0,NA,NA,NA,NA,NA,NA,NA,NA,NA,NA,NA,NA,NA,NA,NA,NA,NA,NA,NA,NA,NA,NA,NA,14
"18","LIMERS",1,"LEMONLIME",-3,8,NA,NA,-0.2638313669,NA,0.0838375605030337,-0.967626820055947,0.359698752,NA,0.58394259,NA,-0.63616983581451,-0.0957379836,NA,NA,NA,NA,0.215113927140434,NA,NA,NA,NA,NA,NA,14
"19","LIMERS",1,"SLIMELIME",11,7,NA,NA,NA,NA,0.122744071807099,NA,NA,NA,0.47207198,-0.75748378,NA,-0.0275766771,1.513017119,NA,NA,NA,-0.257226977477071,NA,-0.77455002,NA,NA,NA,NA,14
"20","LIMERS",1,"SUBLIME",29,9,-1.5737033,NA,NA,1.2857067836,-0.012772601522002,NA,NA,0.8955397503,0.50067049,NA,NA,-0.0629859027,-0.6870548092,NA,0.85938442,NA,0.502282515135189,NA,NA,NA,NA,NA,NA,14
"21","MELLOW YELLOW",5,"YELLAH",-1,4,NA,NA,NA,NA,-0.039904681312392,NA,NA,NA,NA,NA,NA,-0.1392500004,NA,NA,NA,NA,0.219911826589354,NA,-0.1286425,NA,NA,NA,NA,16
"22","MELLOW YELLOW",5,"YELLEY",-6,9,1.5111191,NA,NA,NA,-0.31923638884856,-1.14418928874375,NA,-2.630913741,0.56291431,NA,-0.310681433070715,-0.00945936159,NA,NA,NA,NA,0.112615883577426,NA,NA,NA,NA,NA,0.47289431,16
"23","MELLOW YELLOW",5,"YELLOW",6,13,NA,0.58416402,NA,NA,-0.240292792207392,NA,1.2192863383,NA,0.49982935,-1.7623111,NA,0.0404751333,NA,-2.120771576,NA,0.46419895,0.244434033019211,-0.18023528,-0.21159095,0.667706607,-0.3754319306,NA,NA,16
"24","MELLOW YELLOW",5,"YELLUP",17,9,NA,NA,0.346670671,1.6113786,-0.139768161066969,NA,NA,NA,0.72104722,NA,NA,-0.235549671,0.4129811811,NA,-1.9981549,NA,-0.0188886239813016,NA,NA,NA,NA,-0.1168509,NA,16
"25","O'RANGERS",28,"CLEMENTIN",41,7,NA,NA,NA,NA,0.360622252544289,0.842825200596481,NA,0.5960174989,0.50739956,NA,NA,0.0241727241,NA,0.4608126216,NA,NA,-0.151489918606193,NA,NA,NA,NA,NA,NA,23
"26","O'RANGERS",28,"KINNOWIN",34,12,NA,NA,NA,0.1834297632,0.158055763774017,0.0595389791841846,NA,NA,0.54272711,1.3478655,NA,0.1123076346,-0.3378358869,NA,NA,-0.52954435,-0.0807876677151217,1.0814325,-0.68867314,NA,0.9580948179,NA,NA,23
"27","O'RANGERS",28,"MANDARIN",38,8,NA,0.56020045,NA,NA,-0.17276565962439,NA,NA,NA,0.56627882,NA,NA,-0.0756742035,NA,NA,0.60241354,NA,0.216295151459876,NA,NA,NA,NA,0.70332444,0.37296548,23
"28","O'RANGERS",28,"TANGERIN",-2,7,-0.48351908,NA,NA,NA,-0.0906594586231023,NA,-0.6474578584,NA,0.55113852,NA,0.0148244375885422,0.0440734539,NA,NA,NA,NA,0.182679292090963,NA,NA,NA,NA,NA,NA,23
"29","OCEANICS",-16,"AQUA",-46,8,NA,NA,NA,-0.5931742487,0.160789663232109,NA,NA,NA,0.49394146,NA,-0.774664203547582,-0.215513697,NA,NA,NA,NA,-0.325864355002967,-2.4032283,NA,NA,NA,NA,-0.67846251,6
"30","OCEANICS",-16,"OCEAN",-14,11,NA,NA,-1.639883938,NA,0.265057037865215,-0.702668664257161,NA,1.2430981821,0.51328748,NA,NA,-0.1411768617,NA,0.2847409843,NA,-0.59969014,0.134991021706978,NA,-0.68286121,NA,-1.647791884,NA,NA,6
"31","OCEANICS",-16,"SEA",21,10,NA,NA,NA,NA,0.119367370614053,0.91653943713837,1.0790964394,NA,0.48468903,-0.21200784,NA,0.01401060255,0.7534690058,NA,NA,NA,-0.306475324808342,NA,NA,-0.2617491481,NA,-1.4496157,NA,6
"32","OCEANICS",-16,"SHORE",-16,6,-0.60464895,NA,NA,NA,0.240519723616521,NA,NA,NA,0.49730599,NA,NA,-0.293238141,NA,NA,-1.2888907,NA,0.174753626618087,NA,NA,NA,NA,NA,NA,6
"33","PINKIES",-30,"PINKY DINK",-23,9,NA,NA,NA,NA,0.0256922649913877,NA,-0.03873704453,NA,0.37281832,NA,1.25922126711951,0.032914035,NA,NA,NA,NA,-0.0755794910129705,NA,NA,-2.090184124,NA,-1.8340651,-0.787081,1
"34","PINKIES",-30,"PINKY ROSA",-38,10,NA,NA,0.0268814882,NA,0.139411868105515,0.149203889818496,NA,-0.04541305736,NA,NA,NA,0.0567554778,-1.245802009,NA,NA,NA,0.112615883577426,-0.72098452,-0.33533269,NA,-3.028800041,NA,NA,1
"35","PINKIES",-30,"PINKY TOE",-33,7,NA,NA,NA,NA,-0.0706402809620293,NA,NA,NA,0.57973701,-0.24071646,NA,-0.1446721773,NA,-1.944699847,NA,-1.0556422,0.0701020144890288,NA,NA,NA,NA,NA,NA,1
"36","PINKIES",-30,"PINKY WINKY",-24,8,-0.44313937,NA,NA,NA,0.00999455592533527,NA,NA,NA,0.39721122,NA,-0.343958678183772,-0.1120126854,NA,NA,0.16042297,NA,-0.0808972464697343,NA,-2.0517902,NA,NA,NA,NA,1
"37","ROJO ROLLERS",-7,"ROJO CUATRO",-10,3,NA,NA,NA,NA,-0.0882414071559906,NA,NA,NA,NA,NA,NA,NA,NA,NA,NA,NA,-0.339625716801451,0.10252792,NA,NA,NA,NA,NA,10
"38","ROJO ROLLERS",-7,"ROJO DOS",-22,3,NA,NA,NA,-0.8687437789,-0.012941978013888,NA,NA,NA,NA,NA,NA,NA,NA,NA,NA,NA,0.176534840457832,NA,NA,NA,NA,NA,NA,10
"39","ROJO ROLLERS",-7,"ROJO TRES",-45,4,NA,NA,-1.0972174991,NA,0.143186107760668,NA,NA,NA,NA,NA,NA,NA,-0.582288712,NA,NA,NA,-0.366333461657325,NA,NA,NA,NA,NA,NA,10
"40","ROJO ROLLERS",-7,"ROJO UNO",33,5,1.4263257,NA,NA,NA,-0.0283607321485877,NA,NA,NA,NA,NA,0.0033498457958574,NA,NA,NA,NA,NA,0.186195923479404,NA,-0.1286425,NA,NA,NA,NA,10
"41","SAVAGE SPEEDERS",23,"RAPIDLY",60,9,NA,NA,1.89715379,NA,-0.0369820138231475,NA,NA,NA,0.54777396,NA,NA,0.1009658475,NA,1.614737702,NA,NA,-0.128239944334722,0.66091079,0.81323457,NA,NA,NA,-1.0825235,22
"42","SAVAGE SPEEDERS",23,"SPEEDY",20,8,NA,NA,NA,1.2606556405,-0.235719599652905,NA,1.1307455474,NA,0.60076535,-1.0158681,NA,0.225727299,NA,NA,NA,NA,-0.191000742563166,NA,-0.92956889,NA,NA,NA,NA,22
"43","SAVAGE SPEEDERS",23,"SWIFTY",18,9,-0.16049993,NA,NA,NA,-0.0381278524068473,-0.790988049523434,NA,0.8107694669,0.46618408,NA,NA,0.0945929229,0.4391727185,NA,0.22208616,NA,0.0867833387178261,NA,NA,NA,NA,NA,NA,22
"44","SAVAGE SPEEDERS",23,"VELOCITY",25,2,NA,1.1834643,NA,NA,NA,NA,NA,NA,NA,NA,NA,NA,NA,NA,NA,NA,NA,NA,NA,NA,-0.7399984461,NA,NA,22
"45","SNOWBALLS",19,"SNOW",28,7,NA,NA,1.330258233,NA,0.276308542013168,NA,NA,NA,NA,NA,NA,-0.0520909767,0.4653623171,NA,NA,-0.12620127,-0.298470183726133,NA,0.013455482,NA,NA,NA,NA,21
"46","SNOWBALLS",19,"SNOWFLAKE",18,5,0.27557498,NA,NA,NA,0.261418177592754,NA,NA,NA,NA,NA,NA,-0.0756742035,NA,1.223561877,NA,NA,-1.02960150534977,NA,NA,NA,NA,NA,NA,21
"47","SNOWBALLS",19,"SNOWSTORM",-4,6,NA,NA,NA,NA,-0.573677368283272,0.465486564530903,NA,NA,NA,NA,NA,-0.0572899971,NA,NA,0.071347311,NA,-0.990575757464052,0.55579346,NA,NA,NA,NA,NA,21
"48","SNOWBALLS",19,"SNOWY",33,5,NA,NA,NA,0.5592049924,0.208772697669268,NA,NA,NA,NA,NA,0.672901950711058,-0.0389184621,NA,NA,NA,NA,0.176534840457832,NA,NA,NA,NA,NA,NA,21
"49","TEAM GALACTIC",17,"ASTRON",16,10,NA,NA,-0.690213062,NA,-0.00954398374169654,-0.689208789344208,0.1715484824,NA,0.57889587,NA,1.73419554790172,-0.1891858479,NA,NA,NA,NA,-0.0670277934649938,NA,NA,-0.6960041004,NA,0.44702426,NA,20
"50","TEAM GALACTIC",17,"COSMO",-5,8,NA,NA,NA,-1.570191938,-0.194801897498878,NA,NA,NA,0.4485203,NA,NA,-0.340804569,NA,-0.04762787567,NA,-0.70490944,0.0600198913407627,1.2617165,NA,NA,NA,NA,NA,20
"51","TEAM GALACTIC",17,"PULSAR",38,9,NA,0.22458507,NA,NA,-0.338096450355063,NA,NA,NA,0.48300672,0.24734224,NA,-0.1411768617,0.0593976663,NA,NA,NA,0.0108435877915789,NA,1.8865882,NA,NA,NA,0.37673047,20
"52","TEAM GALACTIC",17,"STARRY",37,10,1.1800243,NA,NA,NA,-0.154314856230579,1.50512521278752,NA,1.1724566155,0.57132566,NA,-0.0913193507106326,0.1123076346,NA,NA,-0.55911279,NA,-0.070185423085844,NA,-1.1204685,NA,NA,NA,NA,20
"53","TEAM MOMO",-11,"MO",-25,8,NA,NA,NA,NA,0.0898722113713063,NA,NA,NA,0.48805356,-0.36990863,NA,0.301991403,-1.420409682,NA,NA,-1.7308027,0.460137636247751,NA,-0.49035159,NA,NA,NA,NA,8
"54","TEAM MOMO",-11,"MOMO",-27,9,NA,NA,-2.889961918,0.2084808801,0.0943939709056086,-1.14418928874375,0.04980465813,NA,0.50908184,NA,0.354128272420403,-0.753463032,NA,NA,NA,NA,0.176534840457832,NA,NA,NA,NA,NA,NA,8
"55","TEAM MOMO",-11,"MOMOMO",4,5,NA,-0.7822634,NA,NA,0.121852306503401,NA,NA,0.4123476258,0.6117,NA,NA,NA,NA,NA,NA,NA,-0.359351692776352,NA,NA,NA,NA,NA,NA,8
"56","TEAM MOMO",-11,"MOMOMOMO",12,4,0.029273592,NA,NA,NA,0.212998626583815,NA,NA,NA,NA,NA,NA,NA,NA,NA,NA,NA,-0.253107040510852,0.42627972,NA,NA,NA,NA,NA,8
"57","TEAM PRIMARY",-26,"IMAR",-56,6,NA,NA,NA,-0.7685369009,0.0449719825744629,-0.614349278990904,-3.215153829,NA,0.37113616,NA,NA,NA,NA,NA,NA,NA,0.253693013823036,NA,NA,NA,NA,NA,NA,2
"58","TEAM PRIMARY",-26,"MARY",9,7,-0.24125317,NA,NA,NA,0.257946357643604,NA,NA,NA,0.49225914,NA,NA,-0.092242668,0.04630380889,NA,-0.3924461,NA,0.375847878472875,NA,NA,NA,NA,NA,NA,2
"59","TEAM PRIMARY",-26,"PRIM",4,4,NA,NA,NA,NA,0.18207050275029,NA,NA,NA,0.5048762,NA,NA,0.1123076346,NA,NA,NA,NA,NA,-0.73927236,NA,NA,NA,NA,NA,2
"60","TEAM PRIMARY",-26,"RIMA",-45,8,NA,-0.087047428,-1.2813377895,NA,-0.158987227891151,0.501570794339503,NA,-2.664820995,0.49562377,-1.0158681,NA,NA,NA,NA,NA,NA,-0.282552235085649,NA,NA,NA,NA,NA,NA,2
"61","THUNDERBOLTS",0,"BOLTA",25,7,NA,NA,0.845732987,NA,-0.154410004688185,1.63762336614809,-1.2008406999,NA,0.49225914,NA,NA,-0.231856086,NA,-0.2236995169,NA,NA,NA,NA,NA,NA,NA,NA,NA,13
"62","THUNDERBOLTS",0,"BOLTO",42,6,0.093877107,NA,NA,0.9600337489,-0.0748010406938237,NA,NA,NA,0.36524811,NA,NA,0.00644922873,NA,NA,0.92791522,NA,NA,NA,NA,NA,NA,NA,NA,13
"63","THUNDERBOLTS",0,"BOLTU",-52,5,NA,NA,NA,NA,0.0464048810664229,NA,NA,-2.868269759,0.43337989,NA,NA,0.0945929229,-0.6870548092,NA,NA,NA,NA,NA,NA,NA,NA,NA,NA,13
"64","THUNDERBOLTS",0,"BOLTY",-8,7,NA,-0.23089153,NA,NA,-0.189295950502405,NA,NA,NA,0.51328748,-0.72877377,-0.386492186171746,0.251169513,NA,NA,NA,-0.038517434,NA,NA,NA,NA,NA,NA,NA,13
"65","CRAZY CAT'S EYES",15,"BLUE EYE",39,5,NA,NA,NA,NA,NA,NA,NA,NA,NA,NA,0.46846249126594,0.406749777,NA,NA,NA,NA,-0.0776373184290895,NA,0.86710453,NA,0.1677995768,NA,NA,19
"66","CRAZY CAT'S EYES",15,"GREEN EYE",-11,6,NA,NA,NA,NA,NA,NA,NA,NA,NA,NA,NA,0.383702571,-0.8965869119,NA,-0.034870081,NA,0.0102410541243504,-0.90121418,NA,0.5204145169,NA,NA,NA,19
"67","CRAZY CAT'S EYES",15,"RED EYE",38,6,NA,NA,NA,NA,NA,NA,NA,NA,NA,NA,-0.423890993173891,0.316706187,NA,0.9692580615,NA,NA,-0.0207425956161,NA,NA,NA,NA,0.74177241,0.42944592,19
"68","CRAZY CAT'S EYES",15,"YELLOW EYE",-8,4,NA,NA,NA,NA,NA,NA,NA,NA,NA,NA,NA,0.165236967,1.0939567912,NA,NA,-1.967549,0.154544761048749,NA,NA,NA,NA,NA,NA,19
"69","GREEN DUCKS",-20,"BILLY",26,2,NA,NA,NA,NA,NA,NA,NA,NA,NA,NA,NA,NA,NA,NA,NA,NA,0.00292895038612416,NA,NA,0.4950189486,NA,NA,NA,3
"70","GREEN DUCKS",-20,"DUCKY",-70,2,NA,NA,NA,NA,NA,NA,NA,NA,NA,NA,NA,NA,NA,NA,NA,NA,0.112022373120307,NA,-1.5625579,NA,NA,NA,NA,3
"71","GREEN DUCKS",-20,"MALLARD",-23,3,NA,NA,NA,NA,NA,NA,NA,NA,NA,NA,NA,NA,NA,NA,NA,NA,-0.0782631915392692,-0.30040848,NA,NA,-0.3102434748,NA,NA,3
"72","GREEN DUCKS",-20,"QUACKY",-15,4,NA,NA,NA,NA,NA,NA,NA,NA,NA,NA,NA,NA,NA,NA,NA,NA,0.120121285124472,NA,0.82071525,NA,NA,-0.45003664,-1.2476224,3
"73","HAZERS",32,"FOGGY",18,3,NA,NA,NA,NA,NA,NA,NA,NA,NA,NA,NA,0.0283780833,NA,NA,NA,NA,0.125183067563178,NA,NA,NA,0.3657732613,NA,NA,24
"74","HAZERS",32,"HAZY",44,5,NA,NA,NA,NA,NA,NA,NA,NA,NA,NA,-0.202511366578056,-0.0847757589,1.382059563,NA,NA,NA,0.0822385555570573,NA,0.82819587,NA,NA,NA,NA,24
"75","HAZERS",32,"MISTY",17,6,NA,NA,NA,NA,NA,NA,NA,NA,NA,NA,NA,0.01261584849,NA,2.064543363,-0.70301336,NA,0.097911589011007,NA,NA,NA,NA,-0.68071544,-0.20488741,24
"76","HAZERS",32,"SMOGGY",41,7,NA,NA,NA,NA,NA,NA,NA,NA,NA,NA,0.986525953001812,-0.02001530244,NA,NA,NA,-0.79259324,-0.0798874890258609,-0.66087377,1.8865882,0.9216547706,NA,NA,NA,24
"77","INDIGO STARS",-15,"BINGO",-2,2,NA,NA,NA,NA,NA,NA,NA,NA,NA,NA,NA,NA,NA,NA,NA,NA,0.00974493793392052,NA,-0.054499432,NA,NA,NA,NA,7
"78","INDIGO STARS",-15,"DIEGO",-75,2,NA,NA,NA,NA,NA,NA,NA,NA,NA,NA,NA,NA,NA,NA,NA,NA,0.0686307396272961,NA,NA,NA,NA,NA,-1.6212703,7
"79","INDIGO STARS",-15,"GOGO",-11,4,NA,NA,NA,NA,NA,NA,NA,NA,NA,NA,NA,NA,NA,NA,NA,NA,-0.0738434321122534,NA,0.73687369,0.10393713182,-1.387042803,NA,NA,7
"80","INDIGO STARS",-15,"INDIE",25,2,NA,NA,NA,NA,NA,NA,NA,NA,NA,NA,NA,NA,NA,NA,NA,NA,0.00391932229123498,0.48062676,NA,NA,NA,NA,NA,7
"81","JAWBREAKERS",13,"SUGAR",32,8,NA,NA,NA,NA,0.0490271573453894,2.10731902082208,-0.8688107723,NA,0.6150645,-0.4847458,1.06307828583563,NA,NA,NA,NA,NA,-0.366333461657325,NA,-0.36116958,NA,NA,NA,NA,17
"82","JAWBREAKERS",13,"SWEET",-52,5,NA,NA,NA,NA,-0.382946108022977,-0.790988049523434,NA,-1.834070347,0.54020375,NA,NA,NA,NA,NA,NA,NA,-0.397304834328517,NA,NA,NA,NA,NA,NA,17
"83","JAWBREAKERS",13,"TAFFY",13,4,NA,NA,NA,NA,-0.053970886064662,NA,NA,NA,0.54356831,NA,NA,NA,-0.2679943635,NA,NA,NA,0.222829744476954,NA,NA,NA,NA,NA,NA,17
"84","JUNGLE JUMPERS",-11,"HOP",-7,11,NA,NA,NA,NA,0.0153462093531092,-0.52682975520552,-2.528959192,NA,0.47207198,0.50572658,-0.626566492951027,NA,NA,NA,NA,NA,0.0338964394444551,NA,0.14263748,-0.1855625218,NA,0.30605268,0.44277075,9
"85","JUNGLE JUMPERS",-11,"JUMP",-10,5,NA,NA,NA,NA,-0.123126249605261,NA,NA,-0.2573385091,0.45020252,NA,NA,NA,NA,NA,NA,NA,-0.0559684552826478,-0.66087377,NA,NA,NA,NA,NA,9
"86","JUNGLE JUMPERS",-11,"LEAP",11,4,NA,NA,NA,NA,-0.0227883208317275,NA,NA,NA,0.5082407,NA,NA,NA,NA,NA,NA,NA,-0.149558278323852,NA,NA,NA,0.03259437069,NA,NA,9
"87","JUNGLE JUMPERS",-11,"SKIP",-37,5,NA,NA,NA,NA,-0.0457241970374935,NA,NA,NA,0.49730599,NA,NA,NA,-0.7918208147,NA,NA,NA,0.141479922428773,NA,-1.9395804,NA,NA,NA,NA,9
"88","KOBALTS",-17,"GNOME",20,2,NA,NA,NA,NA,0.101553012728691,NA,NA,NA,NA,NA,NA,NA,NA,NA,NA,NA,0.299987917842158,NA,NA,NA,NA,NA,NA,5
"89","KOBALTS",-17,"MEEPO",-75,4,NA,NA,NA,NA,-0.447092758691311,-0.878650995839344,NA,NA,NA,NA,-1.44488804154275,NA,NA,NA,NA,NA,-0.338406386133433,NA,NA,NA,NA,NA,NA,5
"90","LIMERS",1,"GOOLIME",-36,8,NA,NA,NA,NA,-0.0760412275554938,0.0234547493755881,NA,NA,0.39552894,NA,NA,-0.1891858479,NA,-0.6735101428,NA,-0.31910315,-0.408224074943164,-2.1637347,NA,NA,NA,NA,NA,14
"91","MIDNIGHT WISPS",3,"WESPY",-20,7,NA,NA,NA,NA,0.167328171903167,NA,NA,NA,0.45020252,NA,NA,0.1658056008,-1.0362724739,NA,-0.26614475,NA,-0.167821059175075,NA,-1.1233406,NA,NA,NA,NA,15
"92","MIDNIGHT WISPS",3,"WISPY",4,9,NA,NA,NA,NA,0.324455247595896,-0.287153454913242,-0.9352166111,NA,0.5721668,NA,NA,0.0745010385,NA,NA,NA,1.2475019,NA,NA,-0.1218242,NA,NA,0.17790273,-1.5430648,15
"93","MIDNIGHT WISPS",3,"WOSPY",41,5,NA,NA,NA,NA,0.10638811193479,NA,NA,NA,0.49057692,1.1947492,NA,0.274319409,NA,-0.2040972009,NA,NA,NA,NA,NA,NA,NA,NA,NA,15
"94","MIDNIGHT WISPS",3,"WUSPY",-2,8,NA,NA,NA,NA,-0.0882301978097054,NA,NA,-1.0372271888,0.60581207,NA,0.0838044699517027,0.222333384,NA,NA,NA,NA,NA,-0.18023528,NA,-2.273029077,1.548803175,NA,NA,15
"95","MINTY MANIACS",-5,"MINTY DRIZZEL",-33,4,NA,NA,NA,NA,NA,NA,NA,NA,NA,NA,1.42218756809928,-0.1773818508,-2.782360745,NA,NA,NA,NA,-0.091710135,NA,NA,NA,NA,NA,11
"96","MINTY MANIACS",-5,"MINTY FLAV",55,2,NA,NA,NA,NA,NA,NA,NA,NA,NA,NA,NA,0.0669399402,NA,1.0084577679,NA,NA,NA,NA,NA,NA,NA,NA,NA,11
"97","MINTY MANIACS",-5,"MINTY FRESH",-16,4,NA,NA,NA,NA,NA,NA,NA,NA,NA,NA,NA,-0.387831045,0.8844246885,NA,-0.21648489,-1.0556422,NA,NA,NA,NA,NA,NA,NA,11
"98","MINTY MANIACS",-5,"MINTY SWIRL",12,2,NA,NA,NA,NA,NA,NA,NA,NA,NA,NA,0.464658196541945,-0.249530946,NA,NA,NA,NA,NA,NA,NA,NA,NA,NA,NA,11
"99","O'RANGERS",28,"ORANGIN",-3,1,NA,NA,NA,NA,NA,NA,NA,NA,NA,NA,NA,NA,NA,NA,NA,NA,NA,NA,NA,-0.02557500555,NA,NA,NA,23
"100","OCEANICS",-16,"BAY",-168,1,NA,NA,NA,NA,NA,NA,NA,NA,NA,NA,NA,NA,NA,NA,NA,NA,NA,NA,-1.6788214,NA,NA,NA,NA,6
"101","PINKIES",-30,"PINKY PANTHER",NA,0,NA,NA,NA,NA,NA,NA,NA,NA,NA,NA,NA,NA,NA,NA,NA,NA,NA,NA,NA,NA,NA,NA,NA,1
"102","RASPBERRY RACERS",48,"RAZZY",72,6,NA,NA,NA,NA,NA,NA,NA,NA,NA,NA,NA,0.1767005268,0.09868498026,NA,NA,NA,0.000231645388584095,1.2016057,1.0856619,NA,1.476374061,NA,NA,25
"103","RASPBERRY RACERS",48,"REZZY",49,4,NA,NA,NA,NA,NA,NA,NA,NA,NA,NA,NA,0.1538949111,NA,NA,NA,NA,-0.0055584486840481,NA,0.97780567,NA,NA,0.7289564,NA,25
"104","RASPBERRY RACERS",48,"RIZZY",18,5,NA,NA,NA,NA,NA,NA,NA,NA,NA,NA,-0.439053143794097,0.1229710104,NA,NA,NA,0.2245315,0.138273884215002,NA,NA,NA,NA,NA,0.72633749,25
"105","RASPBERRY RACERS",48,"ROZZY",35,4,NA,NA,NA,NA,NA,NA,NA,NA,NA,NA,NA,0.477489516,NA,NA,-0.30727851,NA,0.110271399909664,NA,NA,1.0181582917,NA,NA,NA,25
"106","RASPBERRY RACERS",48,"RUZZY",103,1,NA,NA,NA,NA,NA,NA,NA,NA,NA,NA,NA,NA,NA,1.0278879499,NA,NA,NA,NA,NA,NA,NA,NA,NA,25
"107","SAVAGE SPEEDERS",23,"WHIZZY",-9,8,NA,NA,NA,NA,0.0798074580686984,NA,NA,NA,0.55870873,NA,0.381772937679181,-0.13418622,NA,NA,NA,0.59280103,0.117275292752236,NA,NA,-2.440638075,NA,-0.55255431,NA,22
"108","SHINING SWARM",-17,"SHIMMER",7,4,NA,NA,NA,NA,0.0912996562070869,NA,NA,NA,0.5048762,NA,NA,NA,NA,NA,NA,NA,-0.408224074943164,NA,0.00053703663,NA,NA,NA,NA,4
"109","SHINING SWARM",-17,"SHINY",7,5,NA,NA,NA,NA,0.0311671551685695,0.0479888841225046,NA,-0.2658157418,0.47711882,NA,NA,NA,NA,NA,NA,NA,-0.0456009104015044,NA,NA,NA,NA,NA,NA,4
"110","SHINING SWARM",-17,"SPARKLE",-63,7,NA,NA,NA,NA,-0.135046750741888,NA,-2.838853447,NA,0.39552894,0.7210446,NA,NA,-2.468062532,NA,NA,NA,0.145671571111751,-1.1277485,NA,NA,NA,NA,NA,4
"111","SHINING SWARM",-17,"STERLING",10,4,NA,NA,NA,NA,-0.0555903987393393,0.104644266444932,NA,NA,0.53683925,NA,NA,NA,NA,NA,NA,NA,-0.269586788375728,NA,NA,NA,NA,NA,NA,4
"112","TEAM GALACTIC",17,"QUASAR",-192,1,NA,NA,NA,NA,NA,NA,NA,NA,NA,NA,NA,NA,NA,NA,NA,NA,NA,NA,NA,NA,-1.91819763,NA,NA,20
"113","TEAM MOMO",-11,"MIMO",7,4,NA,NA,NA,NA,2.50996650784001e-07,NA,NA,NA,0.51496977,NA,NA,NA,1.513017119,-2.022937108,NA,NA,NA,NA,NA,NA,NA,NA,NA,8
"114","TEAM PRIMARY",-26,"ARYP",-50,1,NA,NA,NA,NA,NA,NA,NA,NA,NA,NA,NA,NA,NA,NA,NA,NA,NA,NA,-0.50327003,NA,NA,NA,NA,2
"115","THUNDERBOLTS",0,"BOLT",-52,4,NA,NA,NA,NA,NA,NA,NA,NA,NA,NA,NA,NA,NA,NA,NA,NA,0.117503121794107,0.24033473,NA,-0.2312773953,-2.415556422,NA,NA,13
"116","THUNDERBOLTS",0,"LIGHTNING",-27,2,NA,NA,NA,NA,NA,NA,NA,NA,NA,NA,NA,NA,NA,NA,NA,NA,-0.13132627126933,NA,-0.42478409,NA,NA,NA,NA,13
"117","THUNDERBOLTS",0,"SHOCK",39,4,NA,NA,NA,NA,NA,NA,NA,NA,NA,NA,NA,NA,NA,NA,NA,NA,0.0662910727952762,NA,-0.33533269,NA,NA,2.0104671,-0.35695177,13
"118","THUNDERBOLTS",0,"THUNDER",-13,1,NA,NA,NA,NA,NA,NA,NA,NA,NA,NA,NA,NA,NA,NA,NA,NA,-0.128837046204195,NA,NA,NA,NA,NA,NA,13
